Pcode,Locality,State,Price_Tier
6000,CITY DELIVERY CENTRE,WA,Tier 1
6000,PERTH,WA,Tier 1
6000,PERTH GPO,WA,Tier 1
6001,PERTH,WA,Tier 1
6003,HIGHGATE,WA,Tier 1
6003,NORTHBRIDGE,WA,Tier 1
6004,EAST PERTH,WA,Tier 1
6005,KINGS PARK,WA,Tier 1
6005,WEST PERTH,WA,Tier 1
6006,NORTH PERTH,WA,Tier 1
6007,LEEDERVILLE,WA,Tier 1
6007,WEST LEEDERVILLE,WA,Tier 1
6008,DAGLISH,WA,Tier 1
6008,SHENTON PARK,WA,Tier 1
6008,SUBIACO,WA,Tier 1
6008,SUBIACO EAST,WA,Tier 1
6009,BROADWAY NEDLANDS,WA,Tier 1
6009,CRAWLEY,WA,Tier 1
6009,DALKEITH,WA,Tier 1
6009,NEDLANDS,WA,Tier 1
6009,NEDLANDS DC,WA,Tier 1
6010,CLAREMONT,WA,Tier 1
6010,CLAREMONT NORTH,WA,Tier 1
6010,MOUNT CLAREMONT,WA,Tier 1
6010,SWANBOURNE,WA,Tier 1
6011,COTTESLOE,WA,Tier 1
6011,PEPPERMINT GROVE,WA,Tier 1
6012,MOSMAN PARK,WA,Tier 1
6014,FLOREAT,WA,Tier 1
6014,JOLIMONT,WA,Tier 1
6014,WEMBLEY,WA,Tier 1
6015,CITY BEACH,WA,Tier 1
6016,GLENDALOUGH,WA,Tier 1
6016,MOUNT HAWTHORN,WA,Tier 1
6017,HERDSMAN,WA,Tier 1
6017,OSBORNE PARK,WA,Tier 1
6017,OSBORNE PARK DC,WA,Tier 1
6018,CHURCHLANDS,WA,Tier 1
6018,DOUBLEVIEW,WA,Tier 1
6018,GWELUP,WA,Tier 1
6018,GWELUP DC,WA,Tier 1
6018,INNALOO,WA,Tier 1
6018,KARRINYUP,WA,Tier 1
6018,WOODLANDS,WA,Tier 1
6019,SCARBOROUGH,WA,Tier 1
6019,WEMBLEY DOWNS,WA,Tier 1
6020,CARINE,WA,Tier 1
6020,MARMION,WA,Tier 1
6020,NORTH BEACH,WA,Tier 1
6020,SORRENTO,WA,Tier 1
6020,WATERMANS BAY,WA,Tier 1
6021,BALCATTA,WA,Tier 1
6021,STIRLING,WA,Tier 1
6022,HAMERSLEY,WA,Tier 1
6023,DUNCRAIG,WA,Tier 1
6024,GREENWOOD,WA,Tier 1
6024,WARWICK,WA,Tier 1
6025,CRAIGIE,WA,Tier 1
6025,HILLARYS,WA,Tier 1
6025,PADBURY,WA,Tier 1
6026,KINGSLEY,WA,Tier 1
6026,WOODVALE,WA,Tier 1
6027,BELDON,WA,Tier 1
6027,CONNOLLY,WA,Tier 1
6027,EDGEWATER,WA,Tier 1
6027,HEATHRIDGE,WA,Tier 1
6027,JOONDALUP,WA,Tier 1
6027,JOONDALUP DC,WA,Tier 1
6027,MULLALOO,WA,Tier 1
6027,OCEAN REEF,WA,Tier 1
6028,BURNS BEACH,WA,Tier 1
6028,CURRAMBINE,WA,Tier 1
6028,ILUKA,WA,Tier 1
6028,KINROSS,WA,Tier 1
6029,TRIGG,WA,Tier 1
6030,CLARKSON,WA,Tier 1
6030,MERRIWA,WA,Tier 1
6030,MINDARIE,WA,Tier 1
6030,QUINNS ROCKS,WA,Tier 1
6030,RIDGEWOOD,WA,Tier 1
6030,TAMALA PARK,WA,Tier 1
6031,BANKSIA GROVE,WA,Tier 1
6031,CARRAMAR,WA,Tier 1
6031,NEERABUP,WA,Tier 1
6034,EGLINTON,WA,Tier 1
6035,YANCHEP,WA,Tier 1
6036,BUTLER,WA,Tier 1
6036,JINDALEE,WA,Tier 1
6037,TWO ROCKS,WA,Tier 1
6038,ALKIMOS,WA,Tier 1
6050,COOLBINIA,WA,Tier 1
6050,MENORA,WA,Tier 1
6050,MOUNT LAWLEY,WA,Tier 1
6051,MAYLANDS,WA,Tier 1
6052,BEDFORD,WA,Tier 1
6052,INGLEWOOD,WA,Tier 1
6053,BAYSWATER,WA,Tier 1
6054,ASHFIELD,WA,Tier 1
6054,BASSENDEAN,WA,Tier 1
6054,EDEN HILL,WA,Tier 1
6054,KIARA,WA,Tier 1
6054,LOCKRIDGE,WA,Tier 1
6055,BRABHAM,WA,Tier 1
6055,BUSHMEAD,WA,Tier 1
6055,CAVERSHAM,WA,Tier 1
6055,DAYTON,WA,Tier 1
6055,GUILDFORD,WA,Tier 1
6055,HAZELMERE,WA,Tier 1
6055,HENLEY BROOK,WA,Tier 1
6055,SOUTH GUILDFORD,WA,Tier 1
6055,WEST SWAN,WA,Tier 1
6056,BASKERVILLE,WA,Tier 1
6056,BELLEVUE,WA,Tier 1
6056,BOYA,WA,Tier 1
6056,GREENMOUNT,WA,Tier 1
6056,HELENA VALLEY,WA,Tier 1
6056,HERNE HILL,WA,Tier 1
6056,JANE BROOK,WA,Tier 1
6056,KOONGAMIA,WA,Tier 1
6056,MIDDLE SWAN,WA,Tier 1
6056,MIDLAND,WA,Tier 1
6056,MIDVALE,WA,Tier 1
6056,MILLENDON,WA,Tier 1
6056,RED HILL,WA,Tier 1
6056,STRATTON,WA,Tier 1
6056,SWAN VIEW,WA,Tier 1
6056,VIVEASH,WA,Tier 1
6056,WOODBRIDGE,WA,Tier 1
6057,HIGH WYCOMBE,WA,Tier 1
6057,MAIDA VALE,WA,Tier 1
6058,FORRESTFIELD,WA,Tier 1
6059,DIANELLA,WA,Tier 1
6060,JOONDANNA,WA,Tier 1
6060,TUART HILL,WA,Tier 1
6060,YOKINE,WA,Tier 1
6060,YOKINE SOUTH,WA,Tier 1
6061,BALGA,WA,Tier 1
6061,MIRRABOOKA,WA,Tier 1
6061,NOLLAMARA,WA,Tier 1
6061,WESTMINSTER,WA,Tier 1
6062,EMBLETON,WA,Tier 1
6062,MORLEY,WA,Tier 1
6062,NORANDA,WA,Tier 1
6063,BEECHBORO,WA,Tier 1
6063,BENNETT SPRINGS,WA,Tier 1
6064,ALEXANDER HEIGHTS,WA,Tier 1
6064,GIRRAWHEEN,WA,Tier 1
6064,KOONDOOLA,WA,Tier 1
6064,MARANGAROO,WA,Tier 1
6065,ASHBY,WA,Tier 1
6065,DARCH,WA,Tier 1
6065,HOCKING,WA,Tier 1
6065,KINGSWAY,WA,Tier 1
6065,LANDSDALE,WA,Tier 1
6065,MADELEY,WA,Tier 1
6065,PEARSALL,WA,Tier 1
6065,SINAGRA,WA,Tier 1
6065,TAPPING,WA,Tier 1
6065,WANGARA,WA,Tier 1
6065,WANGARA DC,WA,Tier 1
6065,WANNEROO,WA,Tier 1
6066,BALLAJURA,WA,Tier 1
6067,CULLACABARDEE,WA,Tier 1
6068,WHITEMAN,WA,Tier 1
6069,AVELEY,WA,Tier 1
6069,BELHUS,WA,Tier 1
6069,BRIGADOON,WA,Tier 1
6069,ELLENBROOK,WA,Tier 1
6069,THE VINES,WA,Tier 1
6069,UPPER SWAN,WA,Tier 1
6070,DARLINGTON,WA,Tier 1
6071,GLEN FORREST,WA,Tier 1
6071,HOVEA,WA,Tier 1
6072,MAHOGANY CREEK,WA,Tier 1
6073,MUNDARING,WA,Tier 1
6073,MUNDARING DC,WA,Tier 1
6074,SAWYERS VALLEY,WA,Tier 1
6076,BICKLEY,WA,Tier 1
6076,CARMEL,WA,Tier 1
6076,GOOSEBERRY HILL,WA,Tier 1
6076,HACKETTS GULLY,WA,Tier 1
6076,KALAMUNDA,WA,Tier 1
6076,LESMURDIE,WA,Tier 1
6076,PAULLS VALLEY,WA,Tier 1
6076,PICKERING BROOK,WA,Tier 1
6076,PIESSE BROOK,WA,Tier 1
6076,RESERVOIR,WA,Tier 1
6076,WALLISTON,WA,Tier 1
6077,GNANGARA,WA,Tier 1
6081,PARKERVILLE,WA,Tier 1
6081,STONEVILLE,WA,Tier 1
6082,BAILUP,WA,Tier 1
6082,MOUNT HELENA,WA,Tier 1
6083,GIDGEGANNUP,WA,Tier 1
6083,MORANGUP,WA,Tier 1
6084,AVON VALLEY NATIONAL PARK,WA,Tier 1
6084,BULLSBROOK,WA,Tier 1
6084,CHITTERING,WA,Tier 1
6084,LOWER CHITTERING,WA,Tier 1
6084,WALYUNGA NATIONAL PARK,WA,Tier 1
6090,MALAGA,WA,Tier 1
6100,BURSWOOD,WA,Tier 1
6100,LATHLAIN,WA,Tier 1
6100,VICTORIA PARK,WA,Tier 1
6101,CARLISLE,WA,Tier 1
6101,CARLISLE NORTH,WA,Tier 1
6101,CARLISLE SOUTH,WA,Tier 1
6101,EAST VICTORIA PARK,WA,Tier 1
6102,BENTLEY,WA,Tier 1
6102,BENTLEY DC,WA,Tier 1
6102,BENTLEY SOUTH,WA,Tier 1
6102,ST JAMES,WA,Tier 1
6103,RIVERVALE,WA,Tier 1
6104,ASCOT,WA,Tier 1
6104,BELMONT,WA,Tier 1
6104,REDCLIFFE,WA,Tier 1
6105,CLOVERDALE,WA,Tier 1
6105,KEWDALE,WA,Tier 1
6105,PERTH AIRPORT,WA,Tier 1
6106,WELSHPOOL,WA,Tier 1
6107,BECKENHAM,WA,Tier 1
6107,CANNINGTON,WA,Tier 1
6107,EAST CANNINGTON,WA,Tier 1
6107,KENWICK,WA,Tier 1
6107,QUEENS PARK,WA,Tier 1
6107,WATTLE GROVE,WA,Tier 1
6107,WILSON,WA,Tier 1
6108,THORNLIE,WA,Tier 1
6109,MADDINGTON,WA,Tier 1
6109,ORANGE GROVE,WA,Tier 1
6110,GOSNELLS,WA,Tier 1
6110,HUNTINGDALE,WA,Tier 1
6110,MARTIN,WA,Tier 1
6110,SOUTHERN RIVER,WA,Tier 1
6111,ASHENDON,WA,Tier 1
6111,CAMILLO,WA,Tier 1
6111,CANNING MILLS,WA,Tier 1
6111,CHAMPION LAKES,WA,Tier 1
6111,KARRAGULLEN,WA,Tier 1
6111,KELMSCOTT,WA,Tier 1
6111,KELMSCOTT DC,WA,Tier 1
6111,LESLEY,WA,Tier 1
6111,ROLEYSTONE,WA,Tier 1
6112,ARMADALE,WA,Tier 1
6112,BEDFORDALE,WA,Tier 1
6112,BROOKDALE,WA,Tier 1
6112,FORRESTDALE,WA,Tier 1
6112,HARRISDALE,WA,Tier 1
6112,HAYNES,WA,Tier 1
6112,HILBERT,WA,Tier 1
6112,MOUNT NASURA,WA,Tier 1
6112,MOUNT RICHON,WA,Tier 1
6112,PIARA WATERS,WA,Tier 1
6112,SEVILLE GROVE,WA,Tier 1
6112,WUNGONG,WA,Tier 1
6121,OAKFORD,WA,Tier 1
6121,OLDBURY,WA,Tier 1
6122,BYFORD,WA,Tier 1
6122,CARDUP,WA,Tier 1
6122,DARLING DOWNS,WA,Tier 1
6122,KARRAKUP,WA,Tier 1
6123,MUNDIJONG,WA,Tier 1
6123,WHITBY,WA,Tier 1
6124,JARRAHDALE,WA,Tier 1
6125,HOPELAND,WA,Tier 1
6125,MARDELLA,WA,Tier 1
6125,SERPENTINE,WA,Tier 1
6126,KEYSBROOK,WA,Tier 1
6147,LANGFORD,WA,Tier 1
6147,LYNWOOD,WA,Tier 1
6147,PARKWOOD,WA,Tier 1
6148,FERNDALE,WA,Tier 1
6148,RIVERTON,WA,Tier 1
6148,ROSSMOYNE,WA,Tier 1
6148,SHELLEY,WA,Tier 1
6149,BULL CREEK,WA,Tier 1
6149,LEEMING,WA,Tier 1
6150,BATEMAN,WA,Tier 1
6150,MURDOCH,WA,Tier 1
6150,WINTHROP,WA,Tier 1
6151,KENSINGTON,WA,Tier 1
6151,SOUTH PERTH,WA,Tier 1
6151,SOUTH PERTH ANGELO ST,WA,Tier 1
6152,COMO,WA,Tier 1
6152,KARAWARA,WA,Tier 1
6152,MANNING,WA,Tier 1
6152,SALTER POINT,WA,Tier 1
6152,WATERFORD,WA,Tier 1
6153,APPLECROSS,WA,Tier 1
6153,APPLECROSS NORTH,WA,Tier 1
6153,ARDROSS,WA,Tier 1
6153,BRENTWOOD,WA,Tier 1
6153,CANNING BRIDGE APPLECROSS,WA,Tier 1
6153,MOUNT PLEASANT,WA,Tier 1
6154,ALFRED COVE,WA,Tier 1
6154,BOORAGOON,WA,Tier 1
6154,MYAREE,WA,Tier 1
6155,CANNING VALE,WA,Tier 1
6155,CANNING VALE DC,WA,Tier 1
6155,CANNING VALE SOUTH,WA,Tier 1
6155,WILLETTON,WA,Tier 1
6156,ATTADALE,WA,Tier 1
6156,MELVILLE,WA,Tier 1
6156,WILLAGEE,WA,Tier 1
6156,WILLAGEE CENTRAL,WA,Tier 1
6157,BICTON,WA,Tier 1
6157,PALMYRA,WA,Tier 1
6157,PALMYRA DC,WA,Tier 1
6158,EAST FREMANTLE,WA,Tier 1
6159,NORTH FREMANTLE,WA,Tier 1
6160,FREMANTLE,WA,Tier 1
6161,ROTTNEST ISLAND,WA,Tier 1
6162,BEACONSFIELD,WA,Tier 1
6162,SOUTH FREMANTLE,WA,Tier 1
6162,WHITE GUM VALLEY,WA,Tier 1
6163,BIBRA LAKE,WA,Tier 1
6163,BIBRA LAKE DC,WA,Tier 1
6163,COOLBELLUP,WA,Tier 1
6163,HAMILTON HILL,WA,Tier 1
6163,HILTON,WA,Tier 1
6163,KARDINYA,WA,Tier 1
6163,NORTH COOGEE,WA,Tier 1
6163,NORTH LAKE,WA,Tier 1
6163,O'CONNOR,WA,Tier 1
6163,SAMSON,WA,Tier 1
6163,SPEARWOOD,WA,Tier 1
6164,ATWELL,WA,Tier 1
6164,AUBIN GROVE,WA,Tier 1
6164,BANJUP,WA,Tier 1
6164,BEELIAR,WA,Tier 1
6164,COCKBURN CENTRAL,WA,Tier 1
6164,HAMMOND PARK,WA,Tier 1
6164,JANDAKOT,WA,Tier 1
6164,SOUTH LAKE,WA,Tier 1
6164,SUCCESS,WA,Tier 1
6164,TREEBY,WA,Tier 1
6164,YANGEBUP,WA,Tier 1
6165,HOPE VALLEY,WA,Tier 1
6165,NAVAL BASE,WA,Tier 1
6166,COOGEE,WA,Tier 1
6166,HENDERSON,WA,Tier 1
6166,MUNSTER,WA,Tier 1
6166,WATTLEUP,WA,Tier 1
6167,ANKETELL,WA,Tier 1
6167,BERTRAM,WA,Tier 1
6167,CALISTA,WA,Tier 1
6167,CASUARINA,WA,Tier 1
6167,KWINANA BEACH,WA,Tier 1
6167,KWINANA TOWN CENTRE,WA,Tier 1
6167,MANDOGALUP,WA,Tier 1
6167,MEDINA,WA,Tier 1
6167,ORELIA,WA,Tier 1
6167,PARMELIA,WA,Tier 1
6167,POSTANS,WA,Tier 1
6167,THE SPECTACLES,WA,Tier 1
6167,WANDI,WA,Tier 1
6168,COOLOONGUP,WA,Tier 1
6168,EAST ROCKINGHAM,WA,Tier 1
6168,GARDEN ISLAND,WA,Tier 1
6168,HILLMAN,WA,Tier 1
6168,PERON,WA,Tier 1
6168,ROCKINGHAM,WA,Tier 1
6168,ROCKINGHAM BEACH,WA,Tier 1
6168,ROCKINGHAM DC,WA,Tier 1
6169,SAFETY BAY,WA,Tier 1
6169,SHOALWATER,WA,Tier 1
6169,WAIKIKI,WA,Tier 1
6169,WARNBRO,WA,Tier 1
6170,LEDA,WA,Tier 1
6170,WELLARD,WA,Tier 1
6171,BALDIVIS,WA,Tier 1
6172,PORT KENNEDY,WA,Tier 1
6173,SECRET HARBOUR,WA,Tier 1
6174,GOLDEN BAY,WA,Tier 1
6175,SINGLETON,WA,Tier 1
6176,KARNUP,WA,Tier 1
6180,LAKELANDS,WA,Tier 1
6180,PARKLANDS,WA,Tier 1
6181,STAKE HILL,WA,Tier 1
6182,KERALUP,WA,Tier 1
6210,COODANUP,WA,Tier 1
6210,DUDLEY PARK,WA,Tier 1
6210,ERSKINE,WA,Tier 1
6210,FALCON,WA,Tier 1
6210,GREENFIELDS,WA,Tier 1
6210,HALLS HEAD,WA,Tier 1
6210,MADORA BAY,WA,Tier 1
6210,MANDURAH,WA,Tier 1
6210,MANDURAH DC,WA,Tier 1
6210,MANDURAH EAST,WA,Tier 1
6210,MANDURAH NORTH,WA,Tier 1
6210,MEADOW SPRINGS,WA,Tier 1
6210,SAN REMO,WA,Tier 1
6210,SILVER SANDS,WA,Tier 1
6210,WANNANUP,WA,Tier 1
6800,PERTH,WA,Tier 1
6809,PERTH,WA,Tier 1
6827,PERTH,WA,Tier 1
6830,PERTH,WA,Tier 1
6831,PERTH ST GEORGES TCE,WA,Tier 1
6837,PERTH,WA,Tier 1
6838,PERTH,WA,Tier 1
6839,PERTH,WA,Tier 1
6840,PERTH,WA,Tier 1
6841,PERTH,WA,Tier 1
6842,PERTH,WA,Tier 1
6843,PERTH,WA,Tier 1
6844,PERTH,WA,Tier 1
6845,PERTH,WA,Tier 1
6846,PERTH,WA,Tier 1
6847,PERTH,WA,Tier 1
6848,PERTH,WA,Tier 1
6849,PERTH BC,WA,Tier 1
6850,CLOISTERS SQUARE PO,WA,Tier 1
6865,NORTHBRIDGE,WA,Tier 1
6872,WEST PERTH,WA,Tier 1
6892,EAST PERTH,WA,Tier 1
6900,LEEDERVILLE,WA,Tier 1
6901,WEST LEEDERVILLE,WA,Tier 1
6902,LEEDERVILLE,WA,Tier 1
6903,LEEDERVILLE,WA,Tier 1
6904,SUBIACO PO,WA,Tier 1
6905,NORTHLANDS PO,WA,Tier 1
6906,NORTH PERTH,WA,Tier 1
6907,NEDLANDS,WA,Tier 1
6909,NEDLANDS,WA,Tier 1
6910,CLAREMONT,WA,Tier 1
6911,COTTESLOE,WA,Tier 1
6912,MOSMAN PARK,WA,Tier 1
6913,WEMBLEY,WA,Tier 1
6914,BALCATTA,WA,Tier 1
6915,MOUNT HAWTHORN,WA,Tier 1
6916,OSBORNE PARK,WA,Tier 1
6916,OSBORNE PARK DC,WA,Tier 1
6917,OSBORNE PARK,WA,Tier 1
6918,INNALOO,WA,Tier 1
6919,JOONDALUP DC,WA,Tier 1
6920,NORTH BEACH,WA,Tier 1
6921,KARRINYUP,WA,Tier 1
6922,SCARBOROUGH,WA,Tier 1
6923,HILLARYS,WA,Tier 1
6924,GREENWOOD,WA,Tier 1
6925,WALLISTON DC,WA,Tier 1
6926,KALAMUNDA,WA,Tier 1
6929,MOUNT LAWLEY,WA,Tier 1
6931,MAYLANDS,WA,Tier 1
6932,INGLEWOOD,WA,Tier 1
6933,BAYSWATER,WA,Tier 1
6934,BASSENDEAN,WA,Tier 1
6935,GUILDFORD,WA,Tier 1
6936,MIDLAND DC,WA,Tier 1
6939,TUART HILL,WA,Tier 1
6941,MIRRABOOKA,WA,Tier 1
6942,BASSENDEAN DC,WA,Tier 1
6943,MORLEY,WA,Tier 1
6944,MALAGA,WA,Tier 1
6945,MALAGA DC,WA,Tier 1
6946,WANNEROO,WA,Tier 1
6947,WANGARA DC,WA,Tier 1
6951,SOUTH PERTH,WA,Tier 1
6952,COMO,WA,Tier 1
6953,APPLECROSS,WA,Tier 1
6954,BOORAGOON,WA,Tier 1
6955,WILLETTON,WA,Tier 1
6956,MELVILLE,WA,Tier 1
6957,PALMYRA,WA,Tier 1
6958,ROYAL AUSTRALIAN NAVY WARSHIPS,WA,Tier 1
6959,FREMANTLE,WA,Tier 1
6960,MYAREE BC,WA,Tier 1
6961,PALMYRA DC,WA,Tier 1
6963,HAMILTON HILL,WA,Tier 1
6964,SUCCESS,WA,Tier 1
6965,BIBRA LAKE DC,WA,Tier 1
6966,KWINANA,WA,Tier 1
6967,ROCKINGHAM DC,WA,Tier 1
6968,ROCKINGHAM,WA,Tier 1
6969,ROCKINGHAM BEACH,WA,Tier 1
6970,CANNING VALE DC,WA,Tier 1
6979,VICTORIA PARK,WA,Tier 1
6981,EAST VICTORIA PARK,WA,Tier 1
6982,BENTLEY,WA,Tier 1
6983,BENTLEY DC,WA,Tier 1
6984,BELMONT,WA,Tier 1
6985,CLOVERDALE,WA,Tier 1
6986,WELSHPOOL DC,WA,Tier 1
6987,CANNINGTON,WA,Tier 1
6988,THORNLIE,WA,Tier 1
6989,MADDINGTON,WA,Tier 1
6990,GOSNELLS,WA,Tier 1
6991,KELMSCOTT,WA,Tier 1
6992,ARMADALE,WA,Tier 1
6997,KELMSCOTT DC,WA,Tier 1
6010,KARRAKATTA,WA,Tier 1
6025,KALLAROO,WA,Tier 1
6032,NOWERGUP,WA,Tier 1
6033,CARABOODA,WA,Tier 1
6041,CARABAN,WA,Tier 1
6041,GABBADAH,WA,Tier 1
6041,GUILDERTON,WA,Tier 1
6041,WILBINGA,WA,Tier 1
6041,WOODRIDGE,WA,Tier 1
6042,SEABIRD,WA,Tier 1
6043,BRETON BAY,WA,Tier 1
6043,LEDGE POINT,WA,Tier 1
6044,KARAKIN,WA,Tier 1
6044,LANCELIN,WA,Tier 1
6044,NILGEN,WA,Tier 1
6044,WEDGE ISLAND,WA,Tier 1
6077,JANDABUP,WA,Tier 1
6078,MARIGINIUP,WA,Tier 1
6078,PINJAR,WA,Tier 1
6079,LEXIA,WA,Tier 1
6079,MELALEUCA,WA,Tier 1
6208,BLYTHEWOOD,WA,Tier 2
6208,FAIRBRIDGE,WA,Tier 2
6208,MEELON,WA,Tier 2
6208,NIRIMBA,WA,Tier 2
6208,NORTH YUNDERUP,WA,Tier 2
6208,OAKLEY,WA,Tier 2
6208,PINJARRA,WA,Tier 2
6208,POINT GREY,WA,Tier 2
6208,RAVENSWOOD,WA,Tier 2
6208,SOUTH YUNDERUP,WA,Tier 2
6208,WEST PINJARRA,WA,Tier 2
6209,BARRAGUP,WA,Tier 2
6209,FURNISSDALE,WA,Tier 2
6230,BUNBURY,WA,Tier 2
6230,CAREY PARK,WA,Tier 2
6230,COLLEGE GROVE,WA,Tier 2
6230,DALYELLUP,WA,Tier 2
6230,DAVENPORT,WA,Tier 2
6230,EAST BUNBURY,WA,Tier 2
6230,GELORUP,WA,Tier 2
6230,GLEN IRIS,WA,Tier 2
6230,PELICAN POINT,WA,Tier 2
6230,SOUTH BUNBURY,WA,Tier 2
6230,USHER,WA,Tier 2
6230,VITTORIA,WA,Tier 2
6230,WITHERS,WA,Tier 2
6231,BUNBURY,WA,Tier 2
6232,EATON,WA,Tier 2
6232,MILLBRIDGE,WA,Tier 2
6233,AUSTRALIND,WA,Tier 2
6233,BINNINGUP,WA,Tier 2
6233,LESCHENAULT,WA,Tier 2
6233,PARKFIELD,WA,Tier 2
6233,WELLESLEY,WA,Tier 2
6236,CROOKED BROOK,WA,Tier 2
6236,DARDANUP,WA,Tier 2
6236,DARDANUP WEST,WA,Tier 2
6236,FERGUSON,WA,Tier 2
6236,HENTY,WA,Tier 2
6236,PARADISE,WA,Tier 2
6236,WELLINGTON FOREST,WA,Tier 2
6236,WELLINGTON MILL,WA,Tier 2
6237,BOYANUP,WA,Tier 2
6237,ELGIN,WA,Tier 2
6237,GWINDINUP,WA,Tier 2
6237,NORTH BOYANUP,WA,Tier 2
6237,STRATHAM,WA,Tier 2
6237,THE PLAINS,WA,Tier 2
6239,ARGYLE,WA,Tier 2
6239,BEELERUP,WA,Tier 2
6239,BROOKHAMPTON,WA,Tier 2
6239,CHARLEY CREEK,WA,Tier 2
6239,DONNYBROOK,WA,Tier 2
6239,GLEN MERVYN,WA,Tier 2
6239,PAYNEDALE,WA,Tier 2
6239,QUEENWOOD,WA,Tier 2
6239,THOMSON BROOK,WA,Tier 2
6239,UPPER CAPEL,WA,Tier 2
6239,YABBERUP,WA,Tier 2
6207,MYARA,WA,Tier 2
6207,NAMBEELUP,WA,Tier 2
6207,NORTH DANDALUP,WA,Tier 2
6207,SOLUS,WA,Tier 2
6207,WHITTAKER,WA,Tier 2
6211,BOUVARD,WA,Tier 2
6211,CLIFTON,WA,Tier 2
6211,DAWESVILLE,WA,Tier 2
6211,HERRON,WA,Tier 2
6213,BANKSIADALE,WA,Tier 2
6213,DWELLINGUP,WA,Tier 2
6213,ETMILYN,WA,Tier 2
6213,HOLYOAKE,WA,Tier 2
6213,INGLEHOPE,WA,Tier 2
6213,MARRINUP,WA,Tier 2
6213,TEESDALE,WA,Tier 2
6214,BIRCHMONT,WA,Tier 2
6214,COOLUP,WA,Tier 2
6214,WEST COOLUP,WA,Tier 2
6215,HAMEL,WA,Tier 2
6215,LAKE CLIFTON,WA,Tier 2
6215,NANGA BROOK,WA,Tier 2
6215,PRESTON BEACH,WA,Tier 2
6215,WAGERUP,WA,Tier 2
6215,WAROONA,WA,Tier 2
6218,YARLOOP,WA,Tier 2
6220,COOKERNUP,WA,Tier 2
6220,HARVEY,WA,Tier 2
6220,HOFFMAN,WA,Tier 2
6220,MYALUP,WA,Tier 2
6220,UDUC,WA,Tier 2
6220,WARAWARRUP,WA,Tier 2
6221,MORNINGTON,WA,Tier 2
6221,WOKALUP,WA,Tier 2
6223,BENGER,WA,Tier 2
6224,BEELA,WA,Tier 2
6224,BRUNSWICK,WA,Tier 2
6225,ALLANSON,WA,Tier 2
6225,BOWELLING,WA,Tier 2
6225,BUCKINGHAM,WA,Tier 2
6225,CARDIFF,WA,Tier 2
6225,COLLIE,WA,Tier 2
6225,COLLIE BURN,WA,Tier 2
6225,HARRIS RIVER,WA,Tier 2
6225,LYALLS MILL,WA,Tier 2
6225,MCALINDEN,WA,Tier 2
6225,MUJA,WA,Tier 2
6225,MUMBALLUP,WA,Tier 2
6225,MUNGALUP,WA,Tier 2
6225,NOGGERUP,WA,Tier 2
6225,PALMER,WA,Tier 2
6225,PRESTON SETTLEMENT,WA,Tier 2
6225,SHOTTS,WA,Tier 2
6225,WORSLEY,WA,Tier 2
6225,YOURDAMUNG LAKE,WA,Tier 2
6226,ROELANDS,WA,Tier 2
6227,BUREKUP,WA,Tier 2
6228,WATERLOO,WA,Tier 2
6229,PICTON,WA,Tier 2
6229,PICTON EAST,WA,Tier 2
6330,ALBANY,WA,Tier 3
6330,BAYONET HEAD,WA,Tier 3
6330,BIG GROVE,WA,Tier 3
6330,BORNHOLM,WA,Tier 3
6330,CENTENNIAL PARK,WA,Tier 3
6330,COLLINGWOOD HEIGHTS,WA,Tier 3
6330,COLLINGWOOD PARK,WA,Tier 3
6330,CUTHBERT,WA,Tier 3
6330,DROME,WA,Tier 3
6330,ELLEKER,WA,Tier 3
6330,EMU POINT,WA,Tier 3
6330,FRENCHMAN BAY,WA,Tier 3
6330,GLEDHOW,WA,Tier 3
6330,GOODE BEACH,WA,Tier 3
6330,GREEN VALLEY,WA,Tier 3
6330,KALGAN,WA,Tier 3
6330,KING RIVER,WA,Tier 3
6330,KRONKUP,WA,Tier 3
6330,LANGE,WA,Tier 3
6330,LITTLE GROVE,WA,Tier 3
6330,LOCKYER,WA,Tier 3
6330,LOWER KING,WA,Tier 3
6330,LOWLANDS,WA,Tier 3
6330,MARBELUP,WA,Tier 3
6330,MCKAIL,WA,Tier 3
6330,MIDDLETON BEACH,WA,Tier 3
6330,MILLBROOK,WA,Tier 3
6330,MILPARA,WA,Tier 3
6330,MIRA MAR,WA,Tier 3
6330,MOUNT CLARENCE,WA,Tier 3
6330,MOUNT ELPHINSTONE,WA,Tier 3
6330,MOUNT MELVILLE,WA,Tier 3
6330,NANARUP,WA,Tier 3
6330,NAPIER,WA,Tier 3
6330,NULLAKI,WA,Tier 3
6330,ORANA,WA,Tier 3
6330,PORT ALBANY,WA,Tier 3
6330,ROBINSON,WA,Tier 3
6330,SANDPATCH,WA,Tier 3
6330,SEPPINGS,WA,Tier 3
6330,SPENCER PARK,WA,Tier 3
6330,TORBAY,WA,Tier 3
6330,TORNDIRRUP,WA,Tier 3
6330,VANCOUVER PENINSULA,WA,Tier 3
6330,WALMSLEY,WA,Tier 3
6330,WARRENUP,WA,Tier 3
6330,WEST CAPE HOWE,WA,Tier 3
6330,WILLYUNG,WA,Tier 3
6330,YAKAMIA,WA,Tier 3
6330,YOUNGS SIDING,WA,Tier 3
6331,ALBANY DC,WA,Tier 3
6332,ALBANY PO,WA,Tier 3
6333,BOW BRIDGE,WA,Tier 3
6333,DENMARK,WA,Tier 3
6333,HAY,WA,Tier 3
6333,HAZELVALE,WA,Tier 3
6333,KENTDALE,WA,Tier 3
6333,KORDABUP,WA,Tier 3
6333,MOUNT LINDESAY,WA,Tier 3
6333,MOUNT ROMANCE,WA,Tier 3
6333,NORNALUP,WA,Tier 3
6333,OCEAN BEACH,WA,Tier 3
6333,PARRYVILLE,WA,Tier 3
6333,PEACEFUL BAY,WA,Tier 3
6333,SCOTSDALE,WA,Tier 3
6333,SHADFORTH,WA,Tier 3
6333,TINGLEDALE,WA,Tier 3
6333,TRENT,WA,Tier 3
6333,WILLIAM BAY,WA,Tier 3
6335,GNOWANGERUP,WA,Tier 3
6335,JACKITUP,WA,Tier 3
6335,KEBARINGUP,WA,Tier 3
6335,PALLINUP,WA,Tier 3
6336,COWALELLUP,WA,Tier 3
6336,MILLS LAKE,WA,Tier 3
6336,MINDARABIN,WA,Tier 3
6336,NEEDILUP,WA,Tier 3
6336,ONGERUP,WA,Tier 3
6336,TOOMPUP,WA,Tier 3
6337,FITZGERALD,WA,Tier 3
6337,GAIRDNER,WA,Tier 3
6337,JACUP,WA,Tier 3
6337,JERRAMUNGUP,WA,Tier 3
6337,WEST FITZGERALD,WA,Tier 3
6338,AMELUP,WA,Tier 3
6338,BORDEN,WA,Tier 3
6338,BOXWOOD HILL,WA,Tier 3
6338,BREMER BAY,WA,Tier 3
6338,MAGITUP,WA,Tier 3
6338,MONJEBUP,WA,Tier 3
6338,NALYERLUP,WA,Tier 3
6338,NORTH STIRLINGS,WA,Tier 3
6338,STIRLING RANGE NATIONAL PARK,WA,Tier 3
6341,NYABING,WA,Tier 3
6343,PINGRUP,WA,Tier 3
6346,FITZGERALD RIVER NATIONAL PARK,WA,Tier 3
6346,JERDACUTTUP,WA,Tier 3
6346,RAVENSTHORPE,WA,Tier 3
6346,WEST RIVER,WA,Tier 3
6348,HOPETOUN,WA,Tier 3
6350,DUMBLEYUNG,WA,Tier 3
6350,NAIRIBIN,WA,Tier 3
6350,NIPPERING,WA,Tier 3
6351,MOULYINNING,WA,Tier 3
6351,NORTH MOULYINNING,WA,Tier 3
6352,KUKERIN,WA,Tier 3
6352,MERILUP,WA,Tier 3
6352,NORTH KUKERIN,WA,Tier 3
6352,SOUTH KUKERIN,WA,Tier 3
6353,BEENONG,WA,Tier 3
6353,BUNICHE,WA,Tier 3
6353,KUENDER,WA,Tier 3
6353,LAKE GRACE,WA,Tier 3
6353,MALLEE HILL,WA,Tier 3
6353,NEENDALING,WA,Tier 3
6353,NORTH BURNGUP,WA,Tier 3
6353,NORTH LAKE GRACE,WA,Tier 3
6353,SOUTH LAKE GRACE,WA,Tier 3
6353,TARIN ROCK,WA,Tier 3
6355,DUNN ROCK,WA,Tier 3
6355,EAST NEWDEGATE,WA,Tier 3
6355,HOLT ROCK,WA,Tier 3
6355,LAKE BIDDY,WA,Tier 3
6355,LAKE CAMM,WA,Tier 3
6355,MAGENTA,WA,Tier 3
6355,MOUNT SHERIDAN,WA,Tier 3
6355,NEWDEGATE,WA,Tier 3
6355,SOUTH NEWDEGATE,WA,Tier 3
6355,VARLEY,WA,Tier 3
6356,HATTER HILL,WA,Tier 3
6356,LAKE KING,WA,Tier 3
6356,MOUNT MADDEN,WA,Tier 3
6357,PINGARING,WA,Tier 3
6358,KARLGARIN,WA,Tier 3
6359,FORRESTANIA,WA,Tier 3
6359,HYDEN,WA,Tier 3
6359,LITTLE ITALY,WA,Tier 3
6361,HARRISMITH,WA,Tier 3
6361,TINCURRIN,WA,Tier 3
6363,DUDININ,WA,Tier 3
6363,WALYURIN,WA,Tier 3
6365,JILAKIN,WA,Tier 3
6365,JITARNING,WA,Tier 3
6365,KULIN,WA,Tier 3
6365,KULIN WEST,WA,Tier 3
6367,KONDININ,WA,Tier 3
6368,SOUTH KUMMININ,WA,Tier 3
6369,MOUNT WALKER,WA,Tier 3
6369,NAREMBEEN,WA,Tier 3
6369,WADDERIN,WA,Tier 3
6369,WEST HOLLETON,WA,Tier 3
6369,WOOLOCUTTY,WA,Tier 3
6370,EAST WICKEPIN,WA,Tier 3
6370,MALYALLING,WA,Tier 3
6370,WICKEPIN,WA,Tier 3
6370,WOGOLIN,WA,Tier 3
6372,KIRK ROCK,WA,Tier 3
6372,YEALERING,WA,Tier 3
6373,BULLARING,WA,Tier 3
6375,ADAMSVALE,WA,Tier 3
6375,BILBARIN,WA,Tier 3
6375,CORRIGIN,WA,Tier 3
6375,GORGE ROCK,WA,Tier 3
6375,KUNJIN,WA,Tier 3
6375,KURRENKUTTEN,WA,Tier 3
6383,BADJALING,WA,Tier 3
6383,BALKULING,WA,Tier 3
6383,CUBBINE,WA,Tier 3
6383,DANGIN,WA,Tier 3
6383,DOODENANNING,WA,Tier 3
6383,DULBELLING,WA,Tier 3
6383,MOUNT STIRLING,WA,Tier 3
6383,QUAIRADING,WA,Tier 3
6383,SOUTH QUAIRADING,WA,Tier 3
6383,WAMENUSKING,WA,Tier 3
6383,YOTING,WA,Tier 3
6384,PANTAPIN,WA,Tier 3
6385,KWOLYIN,WA,Tier 3
6386,SHACKLETON,WA,Tier 3
6390,BANNISTER,WA,Tier 3
6390,BODDINGTON,WA,Tier 3
6390,CROSSMAN,WA,Tier 3
6390,LOWER HOTHAM,WA,Tier 3
6390,MARRADONG,WA,Tier 3
6390,MOUNT COOKE,WA,Tier 3
6390,MOUNT WELLS,WA,Tier 3
6390,NORTH BANNISTER,WA,Tier 3
6390,RANFORD,WA,Tier 3
6390,UPPER MURRAY,WA,Tier 3
6390,WURAMING,WA,Tier 3
6391,QUINDANNING,WA,Tier 3
6391,WILLIAMS,WA,Tier 3
6392,BOKAL,WA,Tier 3
6392,DARDADINE,WA,Tier 3
6392,DARKAN,WA,Tier 3
6392,MEEKING,WA,Tier 3
6393,DURANILLIN,WA,Tier 3
6393,MOODIARRUP,WA,Tier 3
6394,BEAUFORT RIVER,WA,Tier 3
6394,BOILUP,WA,Tier 3
6394,BOSCABEL,WA,Tier 3
6394,CHANGERUP,WA,Tier 3
6394,MOKUP,WA,Tier 3
6394,MURADUP,WA,Tier 3
6394,ORCHID VALLEY,WA,Tier 3
6394,QUALEUP,WA,Tier 3
6395,CHERRY TREE POOL,WA,Tier 3
6395,JINGALUP,WA,Tier 3
6395,KOJONUP,WA,Tier 3
6395,LUMEAH,WA,Tier 3
6395,MOBRUP,WA,Tier 3
6395,RYANSBROOK,WA,Tier 3
6396,FRANKLAND RIVER,WA,Tier 3
6397,ROCKY GULLY,WA,Tier 3
6398,BROKE,WA,Tier 3
6398,NORTH WALPOLE,WA,Tier 3
6398,WALPOLE,WA,Tier 3
6401,BUCKLAND,WA,Tier 3
6401,BURLONG,WA,Tier 3
6401,CUNJARDINE,WA,Tier 3
6401,IRISHTOWN,WA,Tier 3
6401,JENNACUBBINE,WA,Tier 3
6401,JENNAPULLIN,WA,Tier 3
6401,MALABAINE,WA,Tier 3
6401,MEENAAR,WA,Tier 3
6401,MOKINE,WA,Tier 3
6401,MULUCKINE,WA,Tier 3
6401,MUMBERKINE,WA,Tier 3
6401,MURESK,WA,Tier 3
6401,NORTHAM,WA,Tier 3
6401,ROSSMORE,WA,Tier 3
6401,SOUTHERN BROOK,WA,Tier 3
6401,SPENCERS BROOK,WA,Tier 3
6401,THROSSELL,WA,Tier 3
6401,WONGAMINE,WA,Tier 3
6403,GRASS VALLEY,WA,Tier 3
6405,GREENWOODS VALLEY,WA,Tier 3
6405,MECKERING,WA,Tier 3
6405,QUELAGETTING,WA,Tier 3
6405,WARDING EAST,WA,Tier 3
6407,CUNDERDIN,WA,Tier 3
6407,WAEEL,WA,Tier 3
6407,WATERCARRIN,WA,Tier 3
6407,WYOLA WEST,WA,Tier 3
6407,YOUNDEGIN,WA,Tier 3
6409,NORTH TAMMIN,WA,Tier 3
6409,SOUTH TAMMIN,WA,Tier 3
6409,TAMMIN,WA,Tier 3
6410,DAADENNING CREEK,WA,Tier 3
6410,KELLERBERRIN,WA,Tier 3
6410,MOUNT CAROLINE,WA,Tier 3
6410,NORTH KELLERBERRIN,WA,Tier 3
6411,DOODLAKINE,WA,Tier 3
6411,SOUTH DOODLAKINE,WA,Tier 3
6412,BAANDEE,WA,Tier 3
6412,NORTH BAANDEE,WA,Tier 3
6413,HINES HILL,WA,Tier 3
6414,NANGEENAN,WA,Tier 3
6415,GOOMARIN,WA,Tier 3
6415,KORBEL,WA,Tier 3
6415,MERREDIN,WA,Tier 3
6415,NOKANING,WA,Tier 3
6415,NORPA,WA,Tier 3
6415,TANDEGIN,WA,Tier 3
6418,BRUCE ROCK,WA,Tier 3
6419,ARDATH,WA,Tier 3
6420,CRAMPHORNE,WA,Tier 3
6420,MUNTADGIN,WA,Tier 3
6421,BURRACOPPIN,WA,Tier 3
6421,SOUTH BURRACOPPIN,WA,Tier 3
6421,WARRALAKIN,WA,Tier 3
6422,WALGOOLAN,WA,Tier 3
6423,BOODAROCKIN,WA,Tier 3
6423,CARRABIN,WA,Tier 3
6423,WARRACHUPPIN,WA,Tier 3
6423,WESTONIA,WA,Tier 3
6424,BODALLIN,WA,Tier 3
6424,NORTH BODALLIN,WA,Tier 3
6424,SOUTH BODALLIN,WA,Tier 3
6425,DULYALBIN,WA,Tier 3
6425,MOORINE ROCK,WA,Tier 3
6426,CORINTHIA,WA,Tier 3
6426,GHOOLI,WA,Tier 3
6426,HOLLETON,WA,Tier 3
6426,MARVEL LOCH,WA,Tier 3
6426,MOUNT HAMPTON,WA,Tier 3
6426,MOUNT HOLLAND,WA,Tier 3
6426,MOUNT JACKSON,WA,Tier 3
6426,MOUNT PALMER,WA,Tier 3
6426,PARKER RANGE,WA,Tier 3
6426,SKELETON ROCK,WA,Tier 3
6426,SOUTH YILGARN,WA,Tier 3
6426,SOUTHERN CROSS,WA,Tier 3
6426,TURKEY HILL,WA,Tier 3
6426,YELLOWDINE,WA,Tier 3
6427,KOOLYANOBBING,WA,Tier 3
6428,BABAKIN,WA,Tier 3
6429,BOORABBIN,WA,Tier 3
6429,BULLABULLING,WA,Tier 3
6429,COOLGARDIE,WA,Tier 3
6429,KARRAMINDIE,WA,Tier 3
6429,LONDONDERRY,WA,Tier 3
6429,MOUNT BURGES,WA,Tier 3
6429,VICTORIA ROCK,WA,Tier 3
6429,WALLAROO,WA,Tier 3
6430,BINDULI,WA,Tier 3
6430,BROADWOOD,WA,Tier 3
6430,HANNANS,WA,Tier 3
6430,KALGOORLIE,WA,Tier 3
6430,KARLKURLA,WA,Tier 3
6430,LAMINGTON,WA,Tier 3
6430,MULLINGAR,WA,Tier 3
6430,PICCADILLY,WA,Tier 3
6430,SOMERVILLE,WA,Tier 3
6430,SOUTH KALGOORLIE,WA,Tier 3
6430,WEST KALGOORLIE,WA,Tier 3
6430,WEST LAMINGTON,WA,Tier 3
6430,WILLIAMSTOWN,WA,Tier 3
6430,YILKARI,WA,Tier 3
6431,BOORARA,WA,Tier 3
6431,BROWN HILL,WA,Tier 3
6431,BULONG,WA,Tier 3
6431,EMU FLAT,WA,Tier 3
6431,FEYSVILLE,WA,Tier 3
6431,KANOWNA,WA,Tier 3
6431,KOOKYNIE,WA,Tier 3
6431,KURNALPI,WA,Tier 3
6431,LAKEWOOD,WA,Tier 3
6431,ORA BANDA,WA,Tier 3
6431,PLUMRIDGE LAKES,WA,Tier 3
6431,TRAFALGAR,WA,Tier 3
6431,WARBURTON,WA,Tier 3
6432,BOULDER,WA,Tier 3
6432,FIMISTON,WA,Tier 3
6432,SOUTH BOULDER,WA,Tier 3
6432,VICTORY HEIGHTS,WA,Tier 3
6433,HANNANS PO,WA,Tier 3
6433,KALGOORLIE DC,WA,Tier 3
6433,KALGOORLIE PO,WA,Tier 3
6434,CUNDEELEE,WA,Tier 3
6434,FORREST,WA,Tier 3
6434,PARKESTON,WA,Tier 3
6434,RAWLINNA,WA,Tier 3
6434,ZANTHUS,WA,Tier 3
6436,MENZIES,WA,Tier 3
6436,ULARRING,WA,Tier 3
6437,LEINSTER,WA,Tier 3
6437,SIR SAMUEL,WA,Tier 3
6438,LAKE DARLOT,WA,Tier 3
6438,LEONORA,WA,Tier 3
6440,BANDYA,WA,Tier 3
6440,BEADELL,WA,Tier 3
6440,COSMO NEWBERY,WA,Tier 3
6440,LAKE WELLS,WA,Tier 3
6440,LAVERTON,WA,Tier 3
6440,NEALE,WA,Tier 3
6442,KAMBALDA EAST,WA,Tier 3
6442,KAMBALDA WEST,WA,Tier 3
6443,BALLADONIA,WA,Tier 3
6443,CAIGUNA,WA,Tier 3
6443,COCKLEBIDDY,WA,Tier 3
6443,DUNDAS,WA,Tier 3
6443,EUCLA,WA,Tier 3
6443,FRASER RANGE,WA,Tier 3
6443,HIGGINSVILLE,WA,Tier 3
6443,MADURA,WA,Tier 3
6443,MUNDRABILLA,WA,Tier 3
6443,NORSEMAN,WA,Tier 3
6443,WIDGIEMOOLTHA,WA,Tier 3
6445,NORTH CASCADE,WA,Tier 3
6445,SALMON GUMS,WA,Tier 3
6446,GRASS PATCH,WA,Tier 3
6447,LORT RIVER,WA,Tier 3
6447,MOUNT NEY,WA,Tier 3
6447,SCADDAN,WA,Tier 3
6447,WITTENOOM HILLS,WA,Tier 3
6448,GIBSON,WA,Tier 3
6450,BANDY CREEK,WA,Tier 3
6450,BEAUMONT,WA,Tier 3
6450,BOYATUP,WA,Tier 3
6450,CAPE LE GRAND,WA,Tier 3
6450,CASCADE,WA,Tier 3
6450,CASTLETOWN,WA,Tier 3
6450,CHADWICK,WA,Tier 3
6450,CONDINGUP,WA,Tier 3
6450,COOMALBIDGUP,WA,Tier 3
6450,DALYUP,WA,Tier 3
6450,EAST MUNGLINUP,WA,Tier 3
6450,ESPERANCE,WA,Tier 3
6450,HOWICK,WA,Tier 3
6450,MERIVALE,WA,Tier 3
6450,MONJINGUP,WA,Tier 3
6450,MUNGLINUP,WA,Tier 3
6450,MYRUP,WA,Tier 3
6450,NERIDUP,WA,Tier 3
6450,NULSEN,WA,Tier 3
6450,PINK LAKE,WA,Tier 3
6450,SINCLAIR,WA,Tier 3
6450,WEST BEACH,WA,Tier 3
6450,WINDABOUT,WA,Tier 3
6452,BURAMINYA,WA,Tier 3
6452,CAPE ARID,WA,Tier 3
6452,ISRAELITE BAY,WA,Tier 3
6460,GOOMALLING,WA,Tier 3
6460,HULONGINE,WA,Tier 3
6460,KARRANADGIN,WA,Tier 3
6460,UCARTY WEST,WA,Tier 3
6460,WALYORMOURING,WA,Tier 3
6461,DOWERIN,WA,Tier 3
6461,KOOMBERKINE,WA,Tier 3
6462,HINDMARSH,WA,Tier 3
6462,MINNIVALE,WA,Tier 3
6462,UCARTY,WA,Tier 3
6463,BENJABERRING,WA,Tier 3
6465,MANMANNING,WA,Tier 3
6466,CADOUX,WA,Tier 3
6467,BURAKIN,WA,Tier 3
6468,GOODLANDS,WA,Tier 3
6468,KALANNIE,WA,Tier 3
6468,PETRUDOR,WA,Tier 3
6470,KULJA,WA,Tier 3
6472,BEACON,WA,Tier 3
6472,BIMBIJY,WA,Tier 3
6472,CLEARY,WA,Tier 3
6472,KARROUN HILL,WA,Tier 3
6472,MOUROUBRA,WA,Tier 3
6472,REMLAP,WA,Tier 3
6472,TAMPU,WA,Tier 3
6473,NORTH WIALKI,WA,Tier 3
6473,WIALKI,WA,Tier 3
6475,BADGERIN ROCK,WA,Tier 3
6475,BOORALAMING,WA,Tier 3
6475,DUKIN,WA,Tier 3
6475,KOORDA,WA,Tier 3
6475,LAKE MARGARETTE,WA,Tier 3
6475,MOLLERIN,WA,Tier 3
6475,NEWCARLBEON,WA,Tier 3
6476,GABBIN,WA,Tier 3
6477,BENCUBBIN,WA,Tier 3
6477,WELBUNGIN,WA,Tier 3
6479,BARBALIN,WA,Tier 3
6479,BONNIE ROCK,WA,Tier 3
6479,DANDANNING,WA,Tier 3
6479,ELACHBUTTING,WA,Tier 3
6479,KARLONING,WA,Tier 3
6479,LAKE BROWN,WA,Tier 3
6479,MUKINBUDIN,WA,Tier 3
6479,WATTONING,WA,Tier 3
6479,WILGOYNE,WA,Tier 3
6480,NUKARNI,WA,Tier 3
6484,BULLFINCH,WA,Tier 3
6484,ENNUIN,WA,Tier 3
6484,LAKE DEBORAH,WA,Tier 3
6485,COWCOWING,WA,Tier 3
6485,KORRELOCKING,WA,Tier 3
6485,NALKAIN,WA,Tier 3
6485,NEMBUDDING,WA,Tier 3
6485,WYALKATCHEM,WA,Tier 3
6487,NORTH YELBENI,WA,Tier 3
6487,SOUTH YELBENI,WA,Tier 3
6487,YELBENI,WA,Tier 3
6488,NORTH TRAYNING,WA,Tier 3
6488,SOUTH TRAYNING,WA,Tier 3
6488,TRAYNING,WA,Tier 3
6489,KUNUNOPPIN,WA,Tier 3
6489,NORTH KUNUNOPPIN,WA,Tier 3
6489,SOUTH KUNUNOPPIN,WA,Tier 3
6490,BURRAN ROCK,WA,Tier 3
6490,CHANDLER,WA,Tier 3
6490,ELABBIN,WA,Tier 3
6490,KWELKAN,WA,Tier 3
6490,NUNGARIN,WA,Tier 3
6490,TALGOMINE,WA,Tier 3
6240,LOWDEN,WA,Tier 4
6243,WILGA,WA,Tier 4
6243,WILGA WEST,WA,Tier 4
6244,BOYUP BROOK,WA,Tier 4
6244,CHOWERUP,WA,Tier 4
6244,DINNINUP,WA,Tier 4
6244,KULIKUP,WA,Tier 4
6244,MAYANUP,WA,Tier 4
6244,SCOTTS BROOK,WA,Tier 4
6244,TONEBRIDGE,WA,Tier 4
6244,TRIGWELL,WA,Tier 4
6251,BRAZIER,WA,Tier 4
6251,KIRUP,WA,Tier 4
6251,NEWLANDS,WA,Tier 4
6252,MULLALYUP,WA,Tier 4
6253,BALINGUP,WA,Tier 4
6253,GRIMWADE,WA,Tier 4
6253,SOUTHAMPTON,WA,Tier 4
6254,GREENBUSHES,WA,Tier 4
6254,NORTH GREENBUSHES,WA,Tier 4
6255,BENJINUP,WA,Tier 4
6255,BRIDGETOWN,WA,Tier 4
6255,CATTERICK,WA,Tier 4
6255,HESTER,WA,Tier 4
6255,HESTER BROOK,WA,Tier 4
6255,KANGAROO GULLY,WA,Tier 4
6255,WINNEJUP,WA,Tier 4
6256,GLENLYNN,WA,Tier 4
6256,KINGSTON,WA,Tier 4
6256,MARANUP,WA,Tier 4
6256,SUNNYSIDE,WA,Tier 4
6256,WANDILLUP,WA,Tier 4
6256,YORNUP,WA,Tier 4
6258,BALBARRUP,WA,Tier 4
6258,DEANMILL,WA,Tier 4
6258,DIAMOND TREE,WA,Tier 4
6258,DINGUP,WA,Tier 4
6258,DIXVALE,WA,Tier 4
6258,DONNELLY RIVER,WA,Tier 4
6258,GLENORAN,WA,Tier 4
6258,JARDEE,WA,Tier 4
6258,LAKE MUIR,WA,Tier 4
6258,LINFARNE,WA,Tier 4
6258,MANJIMUP,WA,Tier 4
6258,MIDDLESEX,WA,Tier 4
6258,MORDALUP,WA,Tier 4
6258,PALGARUP,WA,Tier 4
6258,PERUP,WA,Tier 4
6258,QUINNINUP,WA,Tier 4
6258,RINGBARK,WA,Tier 4
6258,SMITH BROOK,WA,Tier 4
6258,UPPER WARREN,WA,Tier 4
6258,WILGARRUP,WA,Tier 4
6258,YANMAH,WA,Tier 4
6260,BEEDELUP,WA,Tier 4
6260,BIDDELIA,WA,Tier 4
6260,CALLCUP,WA,Tier 4
6260,CHANNYBEARUP,WA,Tier 4
6260,COLLINS,WA,Tier 4
6260,EASTBROOK,WA,Tier 4
6260,LAKE JASPER,WA,Tier 4
6260,PEERABEELUP,WA,Tier 4
6260,PEMBERTON,WA,Tier 4
6260,YEAGARUP,WA,Tier 4
6262,BOORARA BROOK,WA,Tier 4
6262,CROWEA,WA,Tier 4
6262,MEERUP,WA,Tier 4
6262,NORTHCLIFFE,WA,Tier 4
6262,SHANNON,WA,Tier 4
6262,WINDY HARBOUR,WA,Tier 4
6271,CAPEL,WA,Tier 4
6271,CAPEL RIVER,WA,Tier 4
6271,FORREST BEACH,WA,Tier 4
6271,PEPPERMINT GROVE BEACH,WA,Tier 4
6271,STIRLING ESTATE,WA,Tier 4
6275,BARRABUP,WA,Tier 4
6275,CARLOTTA,WA,Tier 4
6275,CUNDINUP,WA,Tier 4
6275,DARRADUP,WA,Tier 4
6275,EAST NANNUP,WA,Tier 4
6275,JALBARRAGUP,WA,Tier 4
6275,JARRAHWOOD,WA,Tier 4
6275,NANNUP,WA,Tier 4
6275,SCOTT RIVER EAST,WA,Tier 4
6275,YOGANUP,WA,Tier 4
6280,ABBA RIVER,WA,Tier 4
6280,ABBEY,WA,Tier 4
6280,ACTON PARK,WA,Tier 4
6280,AMBERGATE,WA,Tier 4
6280,ANNIEBROOK,WA,Tier 4
6280,BOALLIA,WA,Tier 4
6280,BOVELL,WA,Tier 4
6280,BROADWATER,WA,Tier 4
6280,BUSSELTON,WA,Tier 4
6280,CARBUNUP RIVER,WA,Tier 4
6280,CHAPMAN HILL,WA,Tier 4
6280,GEOGRAPHE,WA,Tier 4
6280,HITHERGREEN,WA,Tier 4
6280,JINDONG,WA,Tier 4
6280,KALGUP,WA,Tier 4
6280,KALOORUP,WA,Tier 4
6280,KEALY,WA,Tier 4
6280,LUDLOW,WA,Tier 4
6280,MARYBROOK,WA,Tier 4
6280,METRICUP,WA,Tier 4
6280,NORTH JINDONG,WA,Tier 4
6280,REINSCOURT,WA,Tier 4
6280,RUABON,WA,Tier 4
6280,SABINA RIVER,WA,Tier 4
6280,SIESTA PARK,WA,Tier 4
6280,TUTUNUP,WA,Tier 4
6280,VASSE,WA,Tier 4
6280,WALSALL,WA,Tier 4
6280,WEST BUSSELTON,WA,Tier 4
6280,WILYABRUP,WA,Tier 4
6280,WONNERUP,WA,Tier 4
6280,YALYALUP,WA,Tier 4
6280,YELVERTON,WA,Tier 4
6280,YOONGARILLUP,WA,Tier 4
6281,DUNSBOROUGH,WA,Tier 4
6281,EAGLE BAY,WA,Tier 4
6281,NATURALISTE,WA,Tier 4
6281,QUEDJINUP,WA,Tier 4
6281,QUINDALUP,WA,Tier 4
6282,YALLINGUP,WA,Tier 4
6282,YALLINGUP SIDING,WA,Tier 4
6284,BAUDIN,WA,Tier 4
6284,COWARAMUP,WA,Tier 4
6284,GRACETOWN,WA,Tier 4
6284,TREETON,WA,Tier 4
6285,BRAMLEY,WA,Tier 4
6285,BURNSIDE,WA,Tier 4
6285,GNARABUP,WA,Tier 4
6285,MARGARET RIVER,WA,Tier 4
6285,OSMINGTON,WA,Tier 4
6285,PREVELLY,WA,Tier 4
6285,ROSA BROOK,WA,Tier 4
6285,ROSA GLEN,WA,Tier 4
6285,SCHROEDER,WA,Tier 4
6286,BORANUP,WA,Tier 4
6286,FOREST GROVE,WA,Tier 4
6286,REDGATE,WA,Tier 4
6286,WITCHCLIFFE,WA,Tier 4
6288,ALEXANDRA BRIDGE,WA,Tier 4
6288,COURTENAY,WA,Tier 4
6288,HAMELIN BAY,WA,Tier 4
6288,KARRIDALE,WA,Tier 4
6288,NILLUP,WA,Tier 4
6288,SCOTT RIVER,WA,Tier 4
6288,WARNER GLEN,WA,Tier 4
6290,AUGUSTA,WA,Tier 4
6290,DEEPDENE,WA,Tier 4
6290,EAST AUGUSTA,WA,Tier 4
6290,KUDARDUP,WA,Tier 4
6290,LEEUWIN,WA,Tier 4
6290,MOLLOY ISLAND,WA,Tier 4
6302,BADGIN,WA,Tier 4
6302,BALLADONG,WA,Tier 4
6302,BURGES,WA,Tier 4
6302,CALJIE,WA,Tier 4
6302,COLD HARBOUR,WA,Tier 4
6302,DALIAK,WA,Tier 4
6302,FLINT,WA,Tier 4
6302,FLYNN,WA,Tier 4
6302,GILGERING,WA,Tier 4
6302,GREENHILLS,WA,Tier 4
6302,GWAMBYGINE,WA,Tier 4
6302,INKPEN,WA,Tier 4
6302,KAURING,WA,Tier 4
6302,MALEBELLING,WA,Tier 4
6302,MOUNT HARDEY,WA,Tier 4
6302,MOUNT OBSERVATION,WA,Tier 4
6302,NARRALOGGAN,WA,Tier 4
6302,QUELLINGTON,WA,Tier 4
6302,ST RONANS,WA,Tier 4
6302,TALBOT,WA,Tier 4
6302,TALBOT WEST,WA,Tier 4
6302,WILBERFORCE,WA,Tier 4
6302,YORK,WA,Tier 4
6304,BALLY BALLY,WA,Tier 4
6304,BEVERLEY,WA,Tier 4
6304,DALE,WA,Tier 4
6304,EAST BEVERLEY,WA,Tier 4
6304,KOKEBY,WA,Tier 4
6304,MORBINNING,WA,Tier 4
6304,WESTDALE,WA,Tier 4
6306,ALDERSYDE,WA,Tier 4
6306,BROOKTON,WA,Tier 4
6306,BULYEE,WA,Tier 4
6306,JELCOBINE,WA,Tier 4
6306,KWEDA,WA,Tier 4
6308,CODJATOTINE,WA,Tier 4
6308,DWARDA,WA,Tier 4
6308,EAST PINGELLY,WA,Tier 4
6308,GILLIMANNING,WA,Tier 4
6308,HASTINGS,WA,Tier 4
6308,PINGELLY,WA,Tier 4
6308,PUMPHREYS BRIDGE,WA,Tier 4
6308,SPRINGS,WA,Tier 4
6308,WANDERING,WA,Tier 4
6308,WEST PINGELLY,WA,Tier 4
6309,EAST POPANYINNING,WA,Tier 4
6309,POPANYINNING,WA,Tier 4
6309,STRATHERNE,WA,Tier 4
6309,WEST POPANYINNING,WA,Tier 4
6311,COMMODINE,WA,Tier 4
6311,CONTINE,WA,Tier 4
6311,CUBALLING,WA,Tier 4
6311,DRYANDRA,WA,Tier 4
6311,LOL GRAY,WA,Tier 4
6311,TOWNSENDALE,WA,Tier 4
6311,WARDERING,WA,Tier 4
6311,YORNANING,WA,Tier 4
6312,BOUNDAIN,WA,Tier 4
6312,DUMBERNING,WA,Tier 4
6312,HILLSIDE,WA,Tier 4
6312,MINIGIN,WA,Tier 4
6312,NARROGIN,WA,Tier 4
6312,NARROGIN VALLEY,WA,Tier 4
6312,NOMANS LAKE,WA,Tier 4
6312,TOOLIBIN,WA,Tier 4
6312,YILLIMINNING,WA,Tier 4
6313,HIGHBURY,WA,Tier 4
6315,ARTHUR RIVER,WA,Tier 4
6315,BALLAYING,WA,Tier 4
6315,CANCANNING,WA,Tier 4
6315,COLLANILLING,WA,Tier 4
6315,DONGOLOCKING,WA,Tier 4
6315,GUNDARING,WA,Tier 4
6315,JALORAN,WA,Tier 4
6315,LIME LAKE,WA,Tier 4
6315,MINDING,WA,Tier 4
6315,PIESSEVILLE,WA,Tier 4
6315,WAGIN,WA,Tier 4
6315,WEDGECARRUP,WA,Tier 4
6316,BOYERINE,WA,Tier 4
6316,CARTMETICUP,WA,Tier 4
6316,GLENCOE,WA,Tier 4
6316,KENMARE,WA,Tier 4
6316,WESTWOOD,WA,Tier 4
6316,WOODANILLING,WA,Tier 4
6317,BADGEBUP,WA,Tier 4
6317,BULLOCK HILLS,WA,Tier 4
6317,CARROLUP,WA,Tier 4
6317,COBLININE,WA,Tier 4
6317,COYRECUP,WA,Tier 4
6317,DATATINE,WA,Tier 4
6317,EWLYAMARTUP,WA,Tier 4
6317,KATANNING,WA,Tier 4
6317,MARRACOONDA,WA,Tier 4
6317,MOOJEBING,WA,Tier 4
6317,MURDONG,WA,Tier 4
6317,PINWERNYING,WA,Tier 4
6317,SOUTH DATATINE,WA,Tier 4
6317,SOUTH GLENCOE,WA,Tier 4
6530,GERALDTON,WA,Tier 4
6530,HOUTMAN ABROLHOS,WA,Tier 4
6530,KARLOO,WA,Tier 4
6530,MAHOMETS FLATS,WA,Tier 4
6530,MERU,WA,Tier 4
6530,MORESBY,WA,Tier 4
6530,MOUNT TARCOOLA,WA,Tier 4
6530,RANGEWAY,WA,Tier 4
6530,SPALDING,WA,Tier 4
6530,STRATHALBYN,WA,Tier 4
6530,SUNSET BEACH,WA,Tier 4
6530,TARCOOLA BEACH,WA,Tier 4
6530,UTAKARRA,WA,Tier 4
6530,WAGGRAKINE,WA,Tier 4
6530,WANDINA,WA,Tier 4
6530,WEBBERTON,WA,Tier 4
6530,WEST END,WA,Tier 4
6530,WONTHELLA,WA,Tier 4
6530,WOORREE,WA,Tier 4
6531,GERALDTON PO,WA,Tier 4
6532,AJANA,WA,Tier 4
6532,BINNU,WA,Tier 4
6532,BOOTENAL,WA,Tier 4
6532,BRINGO,WA,Tier 4
6532,BULLER,WA,Tier 4
6532,BURMA ROAD,WA,Tier 4
6532,CAPE BURNEY,WA,Tier 4
6532,CARRARANG,WA,Tier 4
6532,COBURN,WA,Tier 4
6532,COOLCALALAYA,WA,Tier 4
6532,DARTMOOR,WA,Tier 4
6532,DEEPDALE,WA,Tier 4
6532,DINDILOA,WA,Tier 4
6532,DRUMMOND COVE,WA,Tier 4
6532,DURAWAH,WA,Tier 4
6532,EAST CHAPMAN,WA,Tier 4
6532,EAST NABAWA,WA,Tier 4
6532,EAST YUNA,WA,Tier 4
6532,ELLENDALE,WA,Tier 4
6532,ERADU,WA,Tier 4
6532,ERADU SOUTH,WA,Tier 4
6532,EURARDY,WA,Tier 4
6532,GEORGINA,WA,Tier 4
6532,GLENFIELD,WA,Tier 4
6532,GREENOUGH,WA,Tier 4
6532,HAMELIN POOL,WA,Tier 4
6532,HICKETY,WA,Tier 4
6532,HOWATHARRA,WA,Tier 4
6532,KOJARENA,WA,Tier 4
6532,MARRAH,WA,Tier 4
6532,MEADOW,WA,Tier 4
6532,MINNENOOKA,WA,Tier 4
6532,MOONYOONOOKA,WA,Tier 4
6532,MOUNT ERIN,WA,Tier 4
6532,NABAWA,WA,Tier 4
6532,NANSON,WA,Tier 4
6532,NARALING,WA,Tier 4
6532,NARNGULU,WA,Tier 4
6532,NARRA TARRA,WA,Tier 4
6532,NERREN NERREN,WA,Tier 4
6532,NOLBA,WA,Tier 4
6532,NORTH ERADU,WA,Tier 4
6532,NORTHERN GULLY,WA,Tier 4
6532,OAKAJEE,WA,Tier 4
6532,ROCKWELL,WA,Tier 4
6532,RUDDS GULLY,WA,Tier 4
6532,SANDSPRINGS,WA,Tier 4
6532,SOUTH YUNA,WA,Tier 4
6532,TAMALA,WA,Tier 4
6532,TIBRADDEN,WA,Tier 4
6532,TOOLONGA,WA,Tier 4
6532,VALENTINE,WA,Tier 4
6532,WANDANA,WA,Tier 4
6532,WEST BINNU,WA,Tier 4
6532,WHITE PEAK,WA,Tier 4
6532,WICHERINA,WA,Tier 4
6532,WICHERINA SOUTH,WA,Tier 4
6532,YETNA,WA,Tier 4
6532,YUNA,WA,Tier 4
6535,ALMA,WA,Tier 4
6535,BOWES,WA,Tier 4
6535,EAST BOWES,WA,Tier 4
6535,GREGORY,WA,Tier 4
6535,HORROCKS,WA,Tier 4
6535,ISSEKA,WA,Tier 4
6535,NORTHAMPTON,WA,Tier 4
6535,OGILVIE,WA,Tier 4
6535,SANDY GULLY,WA,Tier 4
6535,YALLABATHARRA,WA,Tier 4
6536,KALBARRI,WA,Tier 4
6536,KALBARRI NATIONAL PARK,WA,Tier 4
6536,ZUYTDORP,WA,Tier 4
6537,DENHAM,WA,Tier 4
6537,DIRK HARTOG ISLAND,WA,Tier 4
6537,FRANCOIS PERON NATIONAL PARK,WA,Tier 4
6537,MONKEY MIA,WA,Tier 4
6537,NANGA,WA,Tier 4
6537,SHARK BAY,WA,Tier 4
6537,USELESS LOOP,WA,Tier 4
6556,BEECHINA,WA,Tier 4
6556,CHIDLOW,WA,Tier 4
6556,GORRIE,WA,Tier 4
6556,MALMALLING,WA,Tier 4
6556,THE LAKES,WA,Tier 4
6558,WOOROLOO,WA,Tier 4
6560,WUNDOWIE,WA,Tier 4
6562,BAKERS HILL,WA,Tier 4
6562,COPLEY,WA,Tier 4
6562,WOOTTATING,WA,Tier 4
6564,CLACKLINE,WA,Tier 4
6566,BEJOORDING,WA,Tier 4
6566,COONDLE,WA,Tier 4
6566,CULHAM,WA,Tier 4
6566,DUMBARTON,WA,Tier 4
6566,HODDYS WELL,WA,Tier 4
6566,KATRINE,WA,Tier 4
6566,NUNILE,WA,Tier 4
6566,TOODYAY,WA,Tier 4
6566,WEST TOODYAY,WA,Tier 4
6567,DEWARS POOL,WA,Tier 4
6567,JULIMAR,WA,Tier 4
6567,MOONDYNE,WA,Tier 4
6568,BOLGART,WA,Tier 4
6568,WATTENING,WA,Tier 4
6568,WYENING,WA,Tier 4
6569,CALINGIRI,WA,Tier 4
6569,CARANI,WA,Tier 4
6569,OLD PLAINS,WA,Tier 4
6571,YERECOIN,WA,Tier 4
6572,PIAWANING,WA,Tier 4
6574,BINDI BINDI,WA,Tier 4
6574,GABALONG,WA,Tier 4
6575,MILING,WA,Tier 4
6501,MUCHEA,WA,Tier 4
6502,BINDOON,WA,Tier 4
6502,BINDOON TRAINING AREA,WA,Tier 4
6503,BAMBUN,WA,Tier 4
6503,BEERMULLAH,WA,Tier 4
6503,BOONANARRING,WA,Tier 4
6503,BREERA,WA,Tier 4
6503,COONABIDGEE,WA,Tier 4
6503,COWALLA,WA,Tier 4
6503,CULLALLA,WA,Tier 4
6503,GINGIN,WA,Tier 4
6503,GINGINUP,WA,Tier 4
6503,GRANVILLE,WA,Tier 4
6503,LENNARD BROOK,WA,Tier 4
6503,MINDARRA,WA,Tier 4
6503,MOONDAH,WA,Tier 4
6503,MOORE RIVER NATIONAL PARK,WA,Tier 4
6503,MUCKENBURRA,WA,Tier 4
6503,NEERGABBY,WA,Tier 4
6503,ORANGE SPRINGS,WA,Tier 4
6503,RED GULLY,WA,Tier 4
6503,WANERIE,WA,Tier 4
6503,YEAL,WA,Tier 4
6504,MOOLIABEENEE,WA,Tier 4
6505,WANNAMAL,WA,Tier 4
6506,MOGUMBER,WA,Tier 4
6507,CATABY,WA,Tier 4
6507,COOLJARLOO,WA,Tier 4
6507,DANDARAGAN,WA,Tier 4
6507,MIMEGARRA,WA,Tier 4
6507,REGANS FORD,WA,Tier 4
6507,YATHROO,WA,Tier 4
6509,GLENTROMIE,WA,Tier 4
6509,NEW NORCIA,WA,Tier 4
6509,WADDINGTON,WA,Tier 4
6509,YARAWINDAH,WA,Tier 4
6510,BARBERTON,WA,Tier 4
6510,BERKSHIRE VALLEY,WA,Tier 4
6510,GILLINGARRA,WA,Tier 4
6510,KOOJAN,WA,Tier 4
6510,MOORA,WA,Tier 4
6510,WALEBING,WA,Tier 4
6511,CERVANTES,WA,Tier 4
6512,COOMBERDALE,WA,Tier 4
6512,NAMBAN,WA,Tier 4
6513,GUNYIDI,WA,Tier 4
6513,WATHEROO,WA,Tier 4
6514,GREEN HEAD,WA,Tier 4
6514,LEEMAN,WA,Tier 4
6515,COOROW,WA,Tier 4
6515,EGANU,WA,Tier 4
6515,MARCHAGEE,WA,Tier 4
6515,WADDY FOREST,WA,Tier 4
6516,JURIEN BAY,WA,Tier 4
6517,CARNAMAH,WA,Tier 4
6518,ENEABBA,WA,Tier 4
6518,WARRADARGE,WA,Tier 4
6519,ARRINO,WA,Tier 4
6519,ARROWSMITH EAST,WA,Tier 4
6519,DUDAWA,WA,Tier 4
6519,KADATHINNI,WA,Tier 4
6519,THREE SPRINGS,WA,Tier 4
6519,WOMARDEN,WA,Tier 4
6521,BADGINGARRA,WA,Tier 4
6521,BOOTHENDARRA,WA,Tier 4
6521,GREY,WA,Tier 4
6521,HILL RIVER,WA,Tier 4
6521,NAMBUNG,WA,Tier 4
6522,BUNDANOON,WA,Tier 4
6522,HOLMWOOD,WA,Tier 4
6522,IKEWA,WA,Tier 4
6522,LOCKIER,WA,Tier 4
6522,MINGENEW,WA,Tier 4
6522,MOORIARY,WA,Tier 4
6522,MOUNT BUDD,WA,Tier 4
6522,NANGETTY,WA,Tier 4
6522,YANDANOOKA,WA,Tier 4
6522,YARRAGADEE,WA,Tier 4
6525,ALLANOOKA,WA,Tier 4
6525,ARROWSMITH,WA,Tier 4
6525,BONNIEFIELD,WA,Tier 4
6525,BOOKARA,WA,Tier 4
6525,DONGARA,WA,Tier 4
6525,IRWIN,WA,Tier 4
6525,MILO,WA,Tier 4
6525,MOUNT ADAMS,WA,Tier 4
6525,MOUNT HORNER,WA,Tier 4
6525,PORT DENISON,WA,Tier 4
6525,SPRINGFIELD,WA,Tier 4
6525,YARDARINO,WA,Tier 4
6528,MOUNT HILL,WA,Tier 4
6528,SOUTH GREENOUGH,WA,Tier 4
6528,WALKAWAY,WA,Tier 4
6530,BEACHLANDS,WA,Tier 4
6530,BERESFORD,WA,Tier 4
6530,BLUFF POINT,WA,Tier 4
6603,KONNONGORRING,WA,Tier 4
6603,LAKE HINDS,WA,Tier 4
6603,LAKE NINAN,WA,Tier 4
6603,MOCARDY,WA,Tier 4
6603,WONGAN HILLS,WA,Tier 4
6605,KONDUT,WA,Tier 4
6606,BALLIDU,WA,Tier 4
6606,EAST BALLIDU,WA,Tier 4
6606,WEST BALLIDU,WA,Tier 4
6608,EAST DAMBORING,WA,Tier 4
6608,MARNE,WA,Tier 4
6608,PITHARA,WA,Tier 4
6609,DALWALLINU,WA,Tier 4
6609,NUGADONG,WA,Tier 4
6609,XANTIPPE,WA,Tier 4
6612,JIBBERDING,WA,Tier 4
6612,MIAMOON,WA,Tier 4
6612,PAYNES FIND,WA,Tier 4
6612,WUBIN,WA,Tier 4
6613,BUNTINE,WA,Tier 4
6614,MAYA,WA,Tier 4
6616,LATHAM,WA,Tier 4
6620,BUNJIL,WA,Tier 4
6620,PERENJORI,WA,Tier 4
6620,ROTHSAY,WA,Tier 4
6623,BOWGADA,WA,Tier 4
6623,GUTHA,WA,Tier 4
6623,KOOLANOOKA,WA,Tier 4
6623,MORAWA,WA,Tier 4
6623,PINTHARUKA,WA,Tier 4
6625,MERKANOOKA,WA,Tier 4
6627,CANNA,WA,Tier 4
6628,TARDUN,WA,Tier 4
6630,DEVILS CREEK,WA,Tier 4
6630,MULLEWA,WA,Tier 4
6630,MURCHISON,WA,Tier 4
6630,NERRAMYNE,WA,Tier 4
6630,NUNIERRA,WA,Tier 4
6630,WEST CASUARINAS,WA,Tier 4
6630,WONGOONDY,WA,Tier 4
6630,WOOLGORONG,WA,Tier 4
6631,PINDAR,WA,Tier 4
6632,AMBANIA,WA,Tier 4
6632,TENINDEWA,WA,Tier 4
6635,SOUTH MURCHISON,WA,Tier 4
6635,YALGOO,WA,Tier 4
6638,COOLADAR HILL,WA,Tier 4
6638,DAGGAR HILLS,WA,Tier 4
6638,MOUNT MAGNET,WA,Tier 4
6638,PAYNESVILLE,WA,Tier 4
6639,SANDSTONE,WA,Tier 4
6640,CUE,WA,Tier 4
6640,EAST MURCHISON,WA,Tier 4
6640,LAKE AUSTIN,WA,Tier 4
6640,REEDY,WA,Tier 4
6640,WELD RANGE,WA,Tier 4
6642,ANGELO RIVER,WA,Tier 4
6642,CAPRICORN,WA,Tier 4
6642,KARALUNDI,WA,Tier 4
6642,KUMARINA,WA,Tier 4
6642,MEEKATHARRA,WA,Tier 4
6642,PEAK HILL,WA,Tier 4
6646,LAKE CARNEGIE,WA,Tier 4
6646,LITTLE SANDY DESERT,WA,Tier 4
6646,WILUNA,WA,Tier 4
4680,Calliope,QLD,Tier 4
4718,Moura,QLD,Tier 4
6318,BROOMEHILL,WA,Tier 5
6318,BROOMEHILL EAST,WA,Tier 5
6318,BROOMEHILL VILLAGE,WA,Tier 5
6318,BROOMEHILL WEST,WA,Tier 5
6320,BOBALONG,WA,Tier 5
6320,BORDERDALE,WA,Tier 5
6320,DARTNALL,WA,Tier 5
6320,LAKE TOOLBRUNUP,WA,Tier 5
6320,MOONIES HILL,WA,Tier 5
6320,TAMBELLUP,WA,Tier 5
6320,WANSBROUGH,WA,Tier 5
6321,CRANBROOK,WA,Tier 5
6322,TENTERDEN,WA,Tier 5
6323,KENDENUP,WA,Tier 5
6324,DENBARKER,WA,Tier 5
6324,FOREST HILL,WA,Tier 5
6324,MOUNT BARKER,WA,Tier 5
6324,PERILLUP,WA,Tier 5
6324,PORONGURUP,WA,Tier 5
6324,SOUTH STIRLING,WA,Tier 5
6324,TAKALARUP,WA,Tier 5
6324,WOOGENELLUP,WA,Tier 5
6326,NARRIKUP,WA,Tier 5
6327,REDMOND,WA,Tier 5
6327,REDMOND WEST,WA,Tier 5
6328,CHEYNES,WA,Tier 5
6328,GNOWELLEN,WA,Tier 5
6328,GREEN RANGE,WA,Tier 5
6328,KOJANEERUP SOUTH,WA,Tier 5
6328,MANYPEAKS,WA,Tier 5
6328,METTLER,WA,Tier 5
6328,PALMDALE,WA,Tier 5
6328,WELLSTEAD,WA,Tier 5
6701,BABBAGE ISLAND,WA,Tier 5
6701,BERNIER ISLAND,WA,Tier 5
6701,BROCKMAN,WA,Tier 5
6701,BROWN RANGE,WA,Tier 5
6701,CARBLA,WA,Tier 5
6701,CARNARVON,WA,Tier 5
6701,CORAL BAY,WA,Tier 5
6701,DORRE ISLAND,WA,Tier 5
6701,EAST CARNARVON,WA,Tier 5
6701,GILROYD,WA,Tier 5
6701,GREYS PLAIN,WA,Tier 5
6701,INGGARDA,WA,Tier 5
6701,KENNEDY RANGE,WA,Tier 5
6701,KINGSFORD,WA,Tier 5
6701,LYNDON,WA,Tier 5
6701,MACLEOD,WA,Tier 5
6701,MASSEY BAY,WA,Tier 5
6701,MINILYA,WA,Tier 5
6701,MORGANTOWN,WA,Tier 5
6701,NINGALOO,WA,Tier 5
6701,NORTH PLANTATIONS,WA,Tier 5
6701,SOUTH CARNARVON,WA,Tier 5
6701,SOUTH PLANTATIONS,WA,Tier 5
6701,TALISKER,WA,Tier 5
6701,WOODLEIGH,WA,Tier 5
6701,WOORAMEL,WA,Tier 5
6701,YALARDY,WA,Tier 5
6701,YANDOO CREEK,WA,Tier 5
6705,EAST LYONS RIVER,WA,Tier 5
6705,GASCOYNE JUNCTION,WA,Tier 5
6705,GASCOYNE RIVER,WA,Tier 5
6705,WEST LYONS RIVER,WA,Tier 5
6707,CAPE RANGE NATIONAL PARK,WA,Tier 5
6707,EXMOUTH,WA,Tier 5
6707,EXMOUTH GULF,WA,Tier 5
6707,LEARMONTH,WA,Tier 5
6707,NORTH WEST CAPE,WA,Tier 5
6710,CANE,WA,Tier 5
6710,ONSLOW,WA,Tier 5
6710,PEEDAMULLA,WA,Tier 5
6710,TALANDJI,WA,Tier 5
6710,YANNARIE,WA,Tier 5
6711,THEVENARD ISLAND,WA,Tier 5
6712,BARROW ISLAND,WA,Tier 5
6713,DAMPIER,WA,Tier 5
6713,DAMPIER ARCHIPELAGO,WA,Tier 5
6714,ANTONYMYRE,WA,Tier 5
6714,BALLA BALLA,WA,Tier 5
6714,BAYNTON,WA,Tier 5
6714,BULGARRA,WA,Tier 5
6714,BURRUP,WA,Tier 5
6714,CLEAVERVILLE,WA,Tier 5
6714,COOYA POOYA,WA,Tier 5
6714,GAP RIDGE,WA,Tier 5
6714,GNOOREA,WA,Tier 5
6714,KARRATHA,WA,Tier 5
6714,KARRATHA INDUSTRIAL ESTATE,WA,Tier 5
6714,MAITLAND,WA,Tier 5
6714,MARDIE,WA,Tier 5
6714,MILLARS WELL,WA,Tier 5
6714,MOUNT ANKETELL,WA,Tier 5
6714,MULATAGA,WA,Tier 5
6714,NICKOL,WA,Tier 5
6714,PEGS CREEK,WA,Tier 5
6714,SHERLOCK,WA,Tier 5
6714,STOVE HILL,WA,Tier 5
6716,FORTESCUE,WA,Tier 5
6716,HAMERSLEY RANGE,WA,Tier 5
6716,MILLSTREAM,WA,Tier 5
6716,PANNAWONICA,WA,Tier 5
6718,ROEBOURNE,WA,Tier 5
6718,WHIM CREEK,WA,Tier 5
6720,COSSACK,WA,Tier 5
6720,POINT SAMSON,WA,Tier 5
6720,WICKHAM,WA,Tier 5
6721,INDEE,WA,Tier 5
6721,MUNDABULLANGANA,WA,Tier 5
6721,PARDOO,WA,Tier 5
6721,PORT HEDLAND,WA,Tier 5
6721,REDBANK,WA,Tier 5
6721,STRELLEY,WA,Tier 5
6721,WALLAREENYA,WA,Tier 5
6721,WEDGEFIELD,WA,Tier 5
6722,BOODARIE,WA,Tier 5
6722,DE GREY,WA,Tier 5
6722,FINUCANE,WA,Tier 5
6722,PIPPINGARRA,WA,Tier 5
6722,SOUTH HEDLAND,WA,Tier 5
6725,BILINGURR,WA,Tier 5
6725,BROOME,WA,Tier 5
6725,DAMPIER PENINSULA,WA,Tier 5
6725,DJUGUN,WA,Tier 5
6725,EIGHTY MILE BEACH,WA,Tier 5
6725,GINGERAH,WA,Tier 5
6725,LAGRANGE,WA,Tier 5
6725,MINYIRR,WA,Tier 5
6725,ROEBUCK,WA,Tier 5
6725,WATERBANK,WA,Tier 5
6726,CABLE BEACH,WA,Tier 5
6728,CAMBALLIN,WA,Tier 5
6728,DERBY,WA,Tier 5
6728,GEEGULLY CREEK,WA,Tier 5
6728,KIMBOLTON,WA,Tier 5
6728,KING LEOPOLD RANGES,WA,Tier 5
6728,MEDA,WA,Tier 5
6728,ST GEORGE RANGES,WA,Tier 5
6728,WILLARE,WA,Tier 5
6731,COCKATOO ISLAND,WA,Tier 5
6733,KOOLAN ISLAND,WA,Tier 5
6740,DRYSDALE RIVER,WA,Tier 5
6740,KALUMBURU,WA,Tier 5
6740,MITCHELL PLATEAU,WA,Tier 5
6740,OOMBULGURRI,WA,Tier 5
6740,PRINCE REGENT RIVER,WA,Tier 5
6740,WYNDHAM,WA,Tier 5
6743,CAMBRIDGE GULF,WA,Tier 5
6743,DURACK,WA,Tier 5
6743,GIBB,WA,Tier 5
6743,KUNUNURRA,WA,Tier 5
6743,LAKE ARGYLE,WA,Tier 5
6743,WARMUN,WA,Tier 5
6751,CHICHESTER,WA,Tier 5
6751,INNAWANGA,WA,Tier 5
6751,JUNA DOWNS,WA,Tier 5
6751,KARIJINI,WA,Tier 5
6751,MOUNT SHEILA,WA,Tier 5
6751,MULGA DOWNS,WA,Tier 5
6751,NANUTARRA,WA,Tier 5
6751,ROCKLEA,WA,Tier 5
6751,TOM PRICE,WA,Tier 5
6751,WITTENOOM,WA,Tier 5
6753,NEWMAN,WA,Tier 5
6754,PARABURDOO,WA,Tier 5
6758,NULLAGINE,WA,Tier 5
6760,MARBLE BAR,WA,Tier 5
6762,TELFER,WA,Tier 5
6765,FITZROY CROSSING,WA,Tier 5
6765,MOUNT HARDMAN,WA,Tier 5
6770,HALLS CREEK,WA,Tier 5
6770,MCBEATH,WA,Tier 5
6770,MUELLER RANGES,WA,Tier 5
6770,ORD RIVER,WA,Tier 5
6770,PURNULULU,WA,Tier 5
6770,STURT CREEK,WA,Tier 5
6770,TANAMI,WA,Tier 5
6798,CHRISTMAS ISLAND,WA,Tier 5
6799,HOME ISLAND COCOS (KEELING) ISLANDS,WA,Tier 5
6799,WEST ISLAND COCOS (KEELING) ISLANDS,WA,Tier 5
